City,County
Abbottstown,Adams
Arendtsville,Adams
Aspers,Adams
Bendersville,Adams
Biglerville,Adams
Cashtown,Adams
East Berlin,Adams
Fairfield,Adams
Gardners,Adams
Gettysburg,Adams
Idaville,Adams
Littlestown,Adams
Mc Knightstown,Adams
Mc Sherrystown,Adams
New Oxford,Adams
Orrtanna,Adams
Peach Glen,Adams
York Springs,Adams
Allison Park,Allegheny
Bairdford,Allegheny
Bakerstown,Allegheny
Bethel Park,Allegheny
Brackenridge,Allegheny
Braddock,Allegheny
Bradfordwoods,Allegheny
Bridgeville,Allegheny
Buena Vista,Allegheny
Bunola,Allegheny
Carnegie,Allegheny
Cheswick,Allegheny
Clairton,Allegheny
Coraopolis,Allegheny
Coulters,Allegheny
Creighton,Allegheny
Crescent,Allegheny
Cuddy,Allegheny
Curtisville,Allegheny
Dravosburg,Allegheny
Duquesne,Allegheny
East Mc Keesport,Allegheny
East Pittsburgh,Allegheny
Elizabeth,Allegheny
Gibsonia,Allegheny
Glassport,Allegheny
Glenshaw,Allegheny
Greenock,Allegheny
Harwick,Allegheny
Homestead,Allegheny
Imperial,Allegheny
Indianola,Allegheny
Ingomar,Allegheny
Leetsdale,Allegheny
Mc Kees Rocks,Allegheny
McKees Rocks,Allegheny
Mckeesport,Allegheny
Monroeville,Allegheny
Morgan,Allegheny
Natrona Heights,Allegheny
North Versailles,Allegheny
Oakdale,Allegheny
Oakmont,Allegheny
Pitcairn,Allegheny
Pittsburgh,Allegheny
Presto,Allegheny
Rural Ridge,Allegheny
Russellton,Allegheny
Sewickley,Allegheny
South Park,Allegheny
Springdale,Allegheny
Sturgeon,Allegheny
Tarentum,Allegheny
Turtle Creek,Allegheny
Verona,Allegheny
Warrendale,Allegheny
West Elizabeth,Allegheny
West Mifflin,Allegheny
Wexford,Allegheny
Wildwood,Allegheny
Wilmerding,Allegheny
Moon Township,Allegheny
Jefferson Hills,Allegheny
Adrian,Armstrong
Cadogan,Armstrong
Cowansville,Armstrong
Dayton,Armstrong
Distant,Armstrong
Elderton,Armstrong
Ford City,Armstrong
Ford Cliff,Armstrong
Freeport,Armstrong
Kittanning,Armstrong
Leechburg,Armstrong
Manorville,Armstrong
Mc Grann,Armstrong
North Apollo,Armstrong
Nu Mine,Armstrong
Oak Ridge,Armstrong
Parker,Armstrong
Rural Valley,Armstrong
Sagamore,Armstrong
Schenley,Armstrong
Seminole,Armstrong
Spring Church,Armstrong
Templeton,Armstrong
Widnoon,Armstrong
Worthington,Armstrong
Yatesboro,Armstrong
Aliquippa,Beaver
Ambridge,Beaver
Baden,Beaver
Beaver,Beaver
Beaver Falls,Beaver
Clinton,Beaver
Conway,Beaver
Darlington,Beaver
Fombell,Beaver
Freedom,Beaver
Georgetown,Beaver
Hookstown,Beaver
Industry,Beaver
Koppel,Beaver
Midland,Beaver
Monaca,Beaver
New Brighton,Beaver
New Galilee,Beaver
Rochester,Beaver
Shippingport,Beaver
South Heights,Beaver
Alum Bank,Bedford
Artemas,Bedford
Bedford,Bedford
Breezewood,Bedford
Buffalo Mills,Bedford
Clearville,Bedford
Defiance,Bedford
Everett,Bedford
Fishertown,Bedford
Hopewell,Bedford
Hyndman,Bedford
Imler,Bedford
Loysburg,Bedford
Manns Choice,Bedford
New Enterprise,Bedford
New Paris,Bedford
Osterburg,Bedford
Queen,Bedford
Riddlesburg,Bedford
Saxton,Bedford
Schellsburg,Bedford
Six Mile Run,Bedford
Wood,Bedford
Woodbury,Bedford
Bally,Berks
Barto,Berks
Bechtelsville,Berks
Bernville,Berks
Bethel,Berks
Birdsboro,Berks
Blandon,Berks
Bowers,Berks
Boyertown,Berks
Centerport,Berks
Douglassville,Berks
Earlville,Berks
Fleetwood,Berks
Geigertown,Berks
Hamburg,Berks
Hereford,Berks
Kempton,Berks
Kutztown,Berks
Leesport,Berks
Lenhartsville,Berks
Limekiln,Berks
Lyon Station,Berks
Maxatawny,Berks
Mertztown,Berks
Mohnton,Berks
Mohrsville,Berks
Morgantown,Berks
Mount Aetna,Berks
New Berlinville,Berks
Oley,Berks
Pine Forge,Berks
Reading,Berks
Rehrersburg,Berks
Robesonia,Berks
Shartlesville,Berks
Shillington,Berks
Shoemakersville,Berks
Strausstown,Berks
Temple,Berks
Topton,Berks
Virginville,Berks
Wernersville,Berks
Womelsdorf,Berks
Wyomissing,Berks
Sinking Spring,Berks
Altoona,Blair
Bellwood,Blair
Claysburg,Blair
Curryville,Blair
Duncansville,Blair
East Freedom,Blair
Hollidaysburg,Blair
Martinsburg,Blair
Newry,Blair
Roaring Spring,Blair
Sproul,Blair
Tipton,Blair
Tyrone,Blair
Williamsburg,Blair
Alba,Bradford
Athens,Bradford
Burlington,Bradford
Camptown,Bradford
Canton,Bradford
Columbia Cross Roads,Bradford
East Smithfield,Bradford
Gillett,Bradford
Granville Summit,Bradford
Grover,Bradford
Le Raysville,Bradford
Milan,Bradford
Monroeton,Bradford
New Albany,Bradford
Rome,Bradford
Sayre,Bradford
Stevensville,Bradford
Sugar Run,Bradford
Sylvania,Bradford
Towanda,Bradford
Troy,Bradford
Ulster,Bradford
Warren Center,Bradford
Wyalusing,Bradford
Wysox,Bradford
Bedminster,Bucks
Bensalem,Bucks
Blooming Glen,Bucks
Bristol,Bucks
Buckingham,Bucks
Carversville,Bucks
Chalfont,Bucks
Croydon,Bucks
Danboro,Bucks
Doylestown,Bucks
Dublin,Bucks
Durham,Bucks
Erwinna,Bucks
Fairless Hills,Bucks
Feasterville,Bucks
Trevose,Bucks
Feasterville Trevose,Bucks
Ferndale,Bucks
Forest Grove,Bucks
Fort Washington,Bucks
Fountainville,Bucks
Furlong,Bucks
Hilltown,Bucks
Holicong,Bucks
Holland,Bucks
Jamison,Bucks
Kintnersville,Bucks
Lahaska,Bucks
Langhorne,Bucks
Levittown,Bucks
Line Lexington,Bucks
Lumberville,Bucks
Mechanicsville,Bucks
Milford Square,Bucks
Morrisville,Bucks
New Hope,Bucks
Newtown,Bucks
Ottsville,Bucks
Penns Park,Bucks
Perkasie,Bucks
Pineville,Bucks
Pipersville,Bucks
Plumsteadville,Bucks
Point Pleasant,Bucks
Quakertown,Bucks
Revere,Bucks
Richboro,Bucks
Richlandtown,Bucks
Riegelsville,Bucks
Rushland,Bucks
Sellersville,Bucks
Silverdale,Bucks
Solebury,Bucks
Southampton,Bucks
Spinnerstown,Bucks
Springtown,Bucks
Trumbauersville,Bucks
Upper Black Eddy,Bucks
Warminster,Bucks
Warrington,Bucks
Washington Crossing,Bucks
Wycombe,Bucks
Zionhill,Bucks
Yardley,Bucks
Boyers,Butler
Branchton,Butler
Bruin,Butler
Butler,Butler
Cabot,Butler
Callery,Butler
Chicora,Butler
Connoquenessing,Butler
Cranberry Township,Butler
East Butler,Butler
Eau Claire,Butler
Evans City,Butler
Fenelton,Butler
Forestville,Butler
Harmony,Butler
Harrisville,Butler
Herman,Butler
Hilliards,Butler
Karns City,Butler
Lyndora,Butler
Mars,Butler
North Washington,Butler
Petrolia,Butler
Portersville,Butler
Prospect,Butler
Renfrew,Butler
Sarver,Butler
Saxonburg,Butler
Slippery Rock,Butler
Valencia,Butler
West Sunbury,Butler
Zelienople,Butler
Ashville,Cambria
Beaverdale,Cambria
Belsano,Cambria
Blandburg,Cambria
Carrolltown,Cambria
Cassandra,Cambria
Chest Springs,Cambria
Colver,Cambria
Coupon,Cambria
Cresson,Cambria
Dunlo,Cambria
Dysart,Cambria
Ebensburg,Cambria
Elmora,Cambria
Elton,Cambria
Emeigh,Cambria
Fallentimber,Cambria
Flinton,Cambria
Gallitzin,Cambria
Glasgow,Cambria
Hastings,Cambria
Johnstown,Cambria
Lilly,Cambria
Loretto,Cambria
Marsteller,Cambria
Mineral Point,Cambria
Nanty Glo,Cambria
Nicktown,Cambria
Northern Cambria,Cambria
Parkhill,Cambria
Patton,Cambria
Portage,Cambria
Revloc,Cambria
Saint Benedict,Cambria
Saint Boniface,Cambria
Saint Michael,Cambria
Salix,Cambria
Sidman,Cambria
South Fork,Cambria
Spangler,Cambria
Summerhill,Cambria
Twin Rocks,Cambria
Vintondale,Cambria
Wilmore,Cambria
Clementon,Camden (New Jersey)
Driftwood,Cameron
Emporium,Cameron
Sinnamahoning,Cameron
Albrightsville,Carbon
Aquashicola,Carbon
Ashfield,Carbon
Bowmanstown,Carbon
Jim Thorpe,Carbon
Junedale,Carbon
Lake Harmony,Carbon
Lansford,Carbon
Lehighton,Carbon
Nesquehoning,Carbon
Palmerton,Carbon
Parryville,Carbon
Summit Hill,Carbon
Tresckow,Carbon
Weatherly,Carbon
Aaronsburg,Centre
Bellefonte,Centre
Blanchard,Centre
Boalsburg,Centre
Centre Hall,Centre
Clarence,Centre
Coburn,Centre
Fleming,Centre
Howard,Centre
Julian,Centre
Lemont,Centre
Madisonburg,Centre
Milesburg,Centre
Millheim,Centre
Mingoville,Centre
Moshannon,Centre
Orviston,Centre
Pennsylvania Furnace,Centre
Philipsburg,Centre
Pine Grove Mills,Centre
Port Matilda,Centre
Rebersburg,Centre
Sandy Ridge,Centre
Snow Shoe,Centre
Spring Mills,Centre
State College,Centre
University Park,Centre
Woodward,Centre
Atglen,Chester
Avondale,Chester
Berwyn,Chester
Birchrunville,Chester
Brandamore,Chester
Chatham,Chester
Chester Springs,Chester
Coatesville,Chester
Cochranville,Chester
Devault,Chester
Devon,Chester
Downingtown,Chester
Elverson,Chester
Exton,Chester
Glenmoore,Chester
Honey Brook,Chester
Immaculata,Chester
Kelton,Chester
Kemblesville,Chester
Kennett Square,Chester
Kimberton,Chester
Landenberg,Chester
Lewisville,Chester
Lincoln University,Chester
Lionville,Chester
Lyndell,Chester
Malvern,Chester
Mendenhall,Chester
Modena,Chester
New London,Chester
Nottingham,Chester
Oxford,Chester
Paoli,Chester
Parker Ford,Chester
Parkesburg,Chester
Phoenixville,Chester
Pocopson,Chester
Pomeroy,Chester
Pottstown,Chester
Sadsburyville,Chester
Saint Peters,Chester
Southeastern,Chester
Spring City,Chester
Thorndale,Chester
Toughkenamon,Chester
Unionville,Chester
Uwchland,Chester
Valley Forge,Chester
Wagontown,Chester
West Chester,Chester
West Grove,Chester
Westtown,Chester
Callensburg,Clarion
Clarion,Clarion
Crown,Clarion
Curllsville,Clarion
East Brady,Clarion
Fairmount City,Clarion
Fisher,Clarion
Foxburg,Clarion
Fryburg,Clarion
Hawthorn,Clarion
Knox,Clarion
Kossuth,Clarion
Lamartine,Clarion
Leeper,Clarion
Lickingville,Clarion
Limestone,Clarion
Lucinda,Clarion
Marble,Clarion
Mayport,Clarion
New Bethlehem,Clarion
Rimersburg,Clarion
Saint Petersburg,Clarion
Shippenville,Clarion
Sligo,Clarion
Snydersburg,Clarion
Strattanville,Clarion
Turkey City,Clarion
Tylersburg,Clarion
Vowinckel,Clarion
Allport,Clearfield
Beccaria,Clearfield
Bigler,Clearfield
Brisbin,Clearfield
Burnside,Clearfield
Clearfield,Clearfield
Coalport,Clearfield
Curwensville,Clearfield
Drifting,Clearfield
Du Bois,Clearfield
Frenchville,Clearfield
Glen Hope,Clearfield
Glen Richey,Clearfield
Grampian,Clearfield
Grassflat,Clearfield
Hawk Run,Clearfield
Houtzdale,Clearfield
Hyde,Clearfield
Irvona,Clearfield
Karthaus,Clearfield
Kylertown,Clearfield
La Jose,Clearfield
Lanse,Clearfield
Lecontes Mills,Clearfield
Luthersburg,Clearfield
Madera,Clearfield
Mahaffey,Clearfield
Mcgees Mills,Clearfield
Mineral Springs,Clearfield
Morann,Clearfield
Morrisdale,Clearfield
Munson,Clearfield
New Millport,Clearfield
Olanta,Clearfield
Osceola Mills,Clearfield
Penfield,Clearfield
Pottersdale,Clearfield
Ramey,Clearfield
Rockton,Clearfield
Shawville,Clearfield
Smithmill,Clearfield
Smokerun,Clearfield
Troutville,Clearfield
Wallaceton,Clearfield
West Decatur,Clearfield
Westover,Clearfield
Winburne,Clearfield
Woodland,Clearfield
Avis,Clinton
Beech Creek,Clinton
Castanea,Clinton
Lamar,Clinton
Lock Haven,Clinton
Loganton,Clinton
Mackeyville,Clinton
Mc Elhattan,Clinton
Mill Hall,Clinton
North Bend,Clinton
Renovo,Clinton
Westport,Clinton
Woolrich,Clinton
Aristes,Columbia
Benton,Columbia
Berwick,Columbia
Bloomsburg,Columbia
Catawissa,Columbia
Mifflinville,Columbia
Millville,Columbia
Numidia,Columbia
Orangeville,Columbia
Stillwater,Columbia
Wilburton,Columbia
Adamsville,Crawford
Atlantic,Crawford
Cambridge Springs,Crawford
Centerville,Crawford
Cochranton,Crawford
Conneaut Lake,Crawford
Conneautville,Crawford
Guys Mills,Crawford
Harmonsburg,Crawford
Hartstown,Crawford
Hydetown,Crawford
Linesville,Crawford
Meadville,Crawford
Riceville,Crawford
Saegertown,Crawford
Spartansburg,Crawford
Springboro,Crawford
Titusville,Crawford
Townville,Crawford
Venango,Crawford
Boiling Springs,Cumberland
Camp Hill,Cumberland
Carlisle,Cumberland
Enola,Cumberland
Grantham,Cumberland
Lemoyne,Cumberland
Mechanicsburg,Cumberland
Mount Holly Springs,Cumberland
New Kingstown,Cumberland
Newburg,Cumberland
Newville,Cumberland
Plainfield,Cumberland
Shippensburg,Cumberland
Summerdale,Cumberland
Walnut Bottom,Cumberland
Berrysburg,Dauphin
Dauphin,Dauphin
Elizabethville,Dauphin
Grantville,Dauphin
Gratz,Dauphin
Halifax,Dauphin
Harrisburg,Dauphin
Hershey,Dauphin
Highspire,Dauphin
Hummelstown,Dauphin
Lykens,Dauphin
Middletown,Dauphin
Millersburg,Dauphin
Pillow,Dauphin
Spring Glen,Dauphin
Steelton,Dauphin
Wiconisco,Dauphin
Williamstown,Dauphin
Aston,Delaware
Brookhaven,Delaware
Broomall,Delaware
Bryn Mawr,Delaware
Chadds Ford,Delaware
Chester,Delaware
Chester Heights,Delaware
Cheyney,Delaware
Clifton Heights,Delaware
Concordville,Delaware
Crum Lynne,Delaware
Darby,Delaware
Drexel Hill,Delaware
Edgemont,Delaware
Essington,Delaware
Folcroft,Delaware
Folsom,Delaware
Garnet Valley,Delaware
Glen Mills,Delaware
Glen Riddle Lima,Delaware
Glenolden,Delaware
Gradyville,Delaware
Havertown,Delaware
Holmes,Delaware
Lansdowne,Delaware
Lenni,Delaware
Marcus Hook,Delaware
Media,Delaware
Morton,Delaware
Newtown Square,Delaware
Norwood,Delaware
Prospect Park,Delaware
Ridley Park,Delaware
Secane,Delaware
Sharon Hill,Delaware
Springfield,Delaware
Swarthmore,Delaware
Thornton,Delaware
Upper Darby,Delaware
Villanova,Delaware
Wallingford,Delaware
Wayne,Delaware
Woodlyn,Delaware
Boothwyn,Delaware
Benezett,Elk
Brandy Camp,Elk
Brockport,Elk
Byrnedale,Elk
Dagus Mines,Elk
De Young,Elk
Force,Elk
James City,Elk
Johnsonburg,Elk
Kersey,Elk
Ridgway,Elk
Saint Marys,Elk
Weedville,Elk
Wilcox,Elk
Albion,Erie
Corry,Erie
Cranesville,Erie
East Springfield,Erie
Edinboro,Erie
Elgin,Erie
Erie,Erie
Fairview,Erie
Girard,Erie
Harborcreek,Erie
Lake City,Erie
Mc Kean,Erie
Mill Village,Erie
North East,Erie
North Springfield,Erie
Union City,Erie
Waterford,Erie
Wattsburg,Erie
West Springfield,Erie
Adah,Fayette
Allison,Fayette
Belle Vernon,Fayette
Brier Hill,Fayette
Brownfield,Fayette
Brownsville,Fayette
Cardale,Fayette
Chalk Hill,Fayette
Chestnut Ridge,Fayette
Connellsville,Fayette
Dawson,Fayette
Dickerson Run,Fayette
Dunbar,Fayette
East Millsboro,Fayette
Everson,Fayette
Fairbank,Fayette
Fairchance,Fayette
Farmington,Fayette
Fayette City,Fayette
Gans,Fayette
Gibbon Glade,Fayette
Grindstone,Fayette
Hibbs,Fayette
Hiller,Fayette
Hopwood,Fayette
Indian Head,Fayette
Isabella,Fayette
Keisterville,Fayette
La Belle,Fayette
Lake Lynn,Fayette
Leckrone,Fayette
Leisenring,Fayette
Lemont Furnace,Fayette
Markleysburg,Fayette
Martin,Fayette
Masontown,Fayette
Mc Clellandtown,Fayette
Melcroft,Fayette
Merrittstown,Fayette
Mill Run,Fayette
Mount Braddock,Fayette
New Geneva,Fayette
New Salem,Fayette
Newell,Fayette
Normalville,Fayette
Ohiopyle,Fayette
Oliver,Fayette
Perryopolis,Fayette
Point Marion,Fayette
Republic,Fayette
Ronco,Fayette
Smithfield,Fayette
Smock,Fayette
Star Junction,Fayette
Uledi,Fayette
Uniontown,Fayette
Vanderbilt,Fayette
Waltersburg,Fayette
West Leisenring,Fayette
White,Fayette
Wickhaven,Fayette
Clarington,Forest
Cooksburg,Forest
East Hickory,Forest
Endeavor,Forest
Marienville,Forest
Tionesta,Forest
West Hickory,Forest
Amberson,Franklin
Blue Ridge Summit,Franklin
Chambersburg,Franklin
Concord,Franklin
Doylesburg,Franklin
Dry Run,Franklin
Fannettsburg,Franklin
Fayetteville,Franklin
Fort Loudon,Franklin
Greencastle,Franklin
Lemasters,Franklin
Lurgan,Franklin
Marion,Franklin
Mercersburg,Franklin
Mont Alto,Franklin
Orrstown,Franklin
Pleasant Hall,Franklin
Quincy,Franklin
Rouzerville,Franklin
Roxbury,Franklin
Saint Thomas,Franklin
Scotland,Franklin
Shady Grove,Franklin
South Mountain,Franklin
Spring Run,Franklin
State Line,Franklin
Upperstrasburg,Franklin
Waynesboro,Franklin
Willow Hill,Franklin
Zullinger,Franklin
Big Cove Tannery,Fulton
Burnt Cabins,Fulton
Crystal Spring,Fulton
Fort Littleton,Fulton
Harrisonville,Fulton
Hustontown,Fulton
Mc Connellsburg,Fulton
McConnellsburg,Fulton
Needmore,Fulton
Warfordsburg,Fulton
Waterfall,Fulton
Wells Tannery,Fulton
Aleppo,Greene
Bobtown,Greene
Brave,Greene
Carmichaels,Greene
Clarksville,Greene
Crucible,Greene
Dilliner,Greene
Garards Fort,Greene
Graysville,Greene
Greensboro,Greene
Holbrook,Greene
Jefferson,Greene
Mather,Greene
Mount Morris,Greene
Nemacolin,Greene
New Freeport,Greene
Nineveh,Greene
Rices Landing,Greene
Rogersville,Greene
Spraggs,Greene
Sycamore,Greene
Waynesburg,Greene
Wind Ridge,Greene
Alexandria,Huntingdon
Blairs Mills,Huntingdon
Broad Top,Huntingdon
Calvin,Huntingdon
Cassville,Huntingdon
Dudley,Huntingdon
Entriken,Huntingdon
Hesston,Huntingdon
Huntingdon,Huntingdon
James Creek,Huntingdon
Mapleton Depot,Huntingdon
Mc Connellstown,Huntingdon
Mill Creek,Huntingdon
Mount Union,Huntingdon
Neelyton,Huntingdon
Orbisonia,Huntingdon
Petersburg,Huntingdon
Robertsdale,Huntingdon
Rockhill Furnace,Huntingdon
Saltillo,Huntingdon
Shade Gap,Huntingdon
Shirleysburg,Huntingdon
Spruce Creek,Huntingdon
Three Springs,Huntingdon
Todd,Huntingdon
Warriors Mark,Huntingdon
Alverda,Indiana
Arcadia,Indiana
Armagh,Indiana
Aultman,Indiana
Beyer,Indiana
Black Lick,Indiana
Blairsville,Indiana
Brush Valley,Indiana
Chambersville,Indiana
Cherry Tree,Indiana
Clarksburg,Indiana
Clune,Indiana
Clymer,Indiana
Commodore,Indiana
Coral,Indiana
Creekside,Indiana
Dilltown,Indiana
Dixonville,Indiana
Ernest,Indiana
Gipsy,Indiana
Glen Campbell,Indiana
Heilwood,Indiana
Hillsdale,Indiana
Home,Indiana
Homer City,Indiana
Indiana,Indiana
Josephine,Indiana
Kent,Indiana
Lucernemines,Indiana
Marchand,Indiana
Marion Center,Indiana
Mc Intyre,Indiana
Mentcle,Indiana
Northpoint,Indiana
Penn Run,Indiana
Plumville,Indiana
Robinson,Indiana
Rochester Mills,Indiana
Rossiter,Indiana
Saltsburg,Indiana
Shelocta,Indiana
Smicksburg,Indiana
Starford,Indiana
Strongstown,Indiana
West Lebanon,Indiana
Anita,Jefferson
Big Run,Jefferson
Brockway,Jefferson
Brookville,Jefferson
Coolspring,Jefferson
Corsica,Jefferson
De Lancey,Jefferson
Falls Creek,Jefferson
Hamilton,Jefferson
Knox Dale,Jefferson
Oliveburg,Jefferson
Punxsutawney,Jefferson
Reynoldsville,Jefferson
Ringgold,Jefferson
Sigel,Jefferson
Sprankle Mills,Jefferson
Stump Creek,Jefferson
Summerville,Jefferson
Sykesville,Jefferson
Timblin,Jefferson
Valier,Jefferson
Walston,Jefferson
Worthville,Jefferson
Cocolamus,Juniata
East Waterford,Juniata
Honey Grove,Juniata
Mc Alisterville,Juniata
Mexico,Juniata
Mifflin,Juniata
Mifflintown,Juniata
Oakland Mills,Juniata
Port Royal,Juniata
Richfield,Juniata
Thompsontown,Juniata
Archbald,Lackawanna
Carbondale,Lackawanna
Chinchilla,Lackawanna
Clarks Summit,Lackawanna
Dalton,Lackawanna
Dunmore,Lackawanna
Elmhurst,Lackawanna
Fleetville,Lackawanna
Gouldsboro,Lackawanna
Jermyn,Lackawanna
Jessup,Lackawanna
La Plume,Lackawanna
Mayfield,Lackawanna
Moosic,Lackawanna
Moscow,Lackawanna
Old Forge,Lackawanna
Olyphant,Lackawanna
Peckville,Lackawanna
Ransom,Lackawanna
Scranton,Lackawanna
Taylor,Lackawanna
Waverly,Lackawanna
Roaring Brook Township,Lackawanna
Greenfield Township,Lackawanna
Eynon,Lackawanna
Adamstown,Lancaster
Akron,Lancaster
Bainbridge,Lancaster
Bart,Lancaster
Bausman,Lancaster
Bird In Hand,Lancaster
Blue Ball,Lancaster
Bowmansville,Lancaster
Brownstown,Lancaster
Christiana,Lancaster
Columbia,Lancaster
Conestoga,Lancaster
Denver,Lancaster
Drumore,Lancaster
East Earl,Lancaster
East Petersburg,Lancaster
Elizabethtown,Lancaster
Elm,Lancaster
Ephrata,Lancaster
Gap,Lancaster
Goodville,Lancaster
Gordonville,Lancaster
Holtwood,Lancaster
Hopeland,Lancaster
Intercourse,Lancaster
Kinzers,Lancaster
Kirkwood,Lancaster
Lampeter,Lancaster
Lancaster,Lancaster
Landisville,Lancaster
Leola,Lancaster
Lititz,Lancaster
Manheim,Lancaster
Marietta,Lancaster
Martindale,Lancaster
Maytown,Lancaster
Millersville,Lancaster
Mount Joy,Lancaster
Mountville,Lancaster
Narvon,Lancaster
New Holland,Lancaster
New Providence,Lancaster
Paradise,Lancaster
Peach Bottom,Lancaster
Penryn,Lancaster
Pequea,Lancaster
Quarryville,Lancaster
Reamstown,Lancaster
Refton,Lancaster
Reinholds,Lancaster
Rheems,Lancaster
Ronks,Lancaster
Silver Spring,Lancaster
Smoketown,Lancaster
Stevens,Lancaster
Strasburg,Lancaster
Talmage,Lancaster
Terre Hill,Lancaster
Washington Boro,Lancaster
Willow Street,Lancaster
Witmer,Lancaster
Bessemer,Lawrence
Edinburg,Lawrence
Ellwood City,Lawrence
Enon Valley,Lawrence
Hillsville,Lawrence
New Bedford,Lawrence
New Castle,Lawrence
New Wilmington,Lawrence
Pulaski,Lawrence
Villa Maria,Lawrence
Volant,Lawrence
Wampum,Lawrence
West Pittsburg,Lawrence
Wilmington,Lawrence
Annville,Lebanon
Campbelltown,Lebanon
Cornwall,Lebanon
Fredericksburg,Lebanon
Jonestown,Lebanon
Kleinfeltersville,Lebanon
Lawn,Lebanon
Lebanon,Lebanon
Mount Gretna,Lebanon
Myerstown,Lebanon
Newmanstown,Lebanon
Ono,Lebanon
Palmyra,Lebanon
Quentin,Lebanon
Rexmont,Lebanon
Richland,Lebanon
Schaefferstown,Lebanon
Alburtis,Lehigh
Allentown,Lehigh
Bethlehem,Lehigh
Breinigsville,Lehigh
Catasauqua,Lehigh
Center Valley,Lehigh
Coopersburg,Lehigh
Coplay,Lehigh
East Texas,Lehigh
Emmaus,Lehigh
Fogelsville,Lehigh
Germansville,Lehigh
Laurys Station,Lehigh
Limeport,Lehigh
Macungie,Lehigh
Neffs,Lehigh
New Tripoli,Lehigh
Old Zionsville,Lehigh
Orefield,Lehigh
Schnecksville,Lehigh
Slatedale,Lehigh
Slatington,Lehigh
Trexlertown,Lehigh
Whitehall,Lehigh
Zionsville,Lehigh
Beach Haven,Luzerne
Bear Creek,Luzerne
Beaver Meadows,Luzerne
Cambra,Luzerne
Conyngham,Luzerne
Dallas,Luzerne
Drifton,Luzerne
Drums,Luzerne
Duryea,Luzerne
Ebervale,Luzerne
Edwardsville,Luzerne
Freeland,Luzerne
Glen Lyon,Luzerne
Hanover Twp,Luzerne
Harleigh,Luzerne
Harveys Lake,Luzerne
Hazleton,Luzerne
Hughestown,Luzerne
Hunlock Creek,Luzerne
Huntington Mills,Luzerne
Kingston,Luzerne
Lattimer Mines,Luzerne
Lehman,Luzerne
Luzerne,Luzerne
Milnesville,Luzerne
Mountain Top,Luzerne
Mountaintop,Luzerne
Nanticoke,Luzerne
Nescopeck,Luzerne
Pittston,Luzerne
Pittston TWP,Luzerne
Plains,Luzerne
Plymouth,Luzerne
Pringle,Luzerne
Rock Glen,Luzerne
Saint Johns,Luzerne
Shavertown,Luzerne
Shawanese,Luzerne
Shickshinny,Luzerne
Sugarloaf,Luzerne
Sweet Valley,Luzerne
Sybertsville,Luzerne
Wapwallopen,Luzerne
West Pittston,Luzerne
Weston,Luzerne
White Haven,Luzerne
Wilkes Barre,Luzerne
Wyoming,Luzerne
Yatesville,Luzerne
Swoyersville,Luzerne
Warrior Run,Luzerne
Hazle Township,Luzerne
Allenwood,Lycoming
Antes Fort,Lycoming
Cammal,Lycoming
Cedar Run,Lycoming
Cogan Station,Lycoming
Hughesville,Lycoming
Jersey Mills,Lycoming
Jersey Shore,Lycoming
Lairdsville,Lycoming
Linden,Lycoming
Montgomery,Lycoming
Montoursville,Lycoming
Muncy,Lycoming
Picture Rocks,Lycoming
Ralston,Lycoming
Slate Run,Lycoming
South Williamsport,Lycoming
Trout Run,Lycoming
Unityville,Lycoming
Waterville,Lycoming
Williamsport,Lycoming
Bradford,Mckean
Crosby,Mckean
Custer City,Mckean
Cyclone,Mckean
Derrick City,Mckean
Duke Center,Mckean
East Smethport,Mckean
Eldred,Mckean
Gifford,Mckean
Hazel Hurst,Mckean
Kane,Mckean
Lewis Run,Mckean
Ludlow,Mckean
Mount Jewett,Mckean
Port Allegany,Mckean
Rew,Mckean
Rixford,Mckean
Smethport,Mckean
Turtlepoint,Mckean
Carlton,Mercer
Clark,Mercer
Clarks Mills,Mercer
Farrell,Mercer
Fredonia,Mercer
Greenville,Mercer
Grove City,Mercer
Hadley,Mercer
Hermitage,Mercer
Jackson Center,Mercer
Jamestown,Mercer
Mercer,Mercer
Sandy Lake,Mercer
Sharon,Mercer
Sharpsville,Mercer
Sheakleyville,Mercer
Stoneboro,Mercer
Transfer,Mercer
West Middlesex,Mercer
Wheatland,Mercer
Ewing,Mercer (New Jersey)
Allensville,Mifflin
Belleville,Mifflin
Burnham,Mifflin
Granville,Mifflin
Lewistown,Mifflin
Mattawana,Mifflin
Mc Veytown,Mifflin
Milroy,Mifflin
Newton Hamilton,Mifflin
Reedsville,Mifflin
Yeagertown,Mifflin
Analomink,Monroe
Bartonsville,Monroe
Blakeslee,Monroe
Brodheadsville,Monroe
Buck Hill Falls,Monroe
Canadensis,Monroe
Cresco,Monroe
Delaware Water Gap,Monroe
East Stroudsburg,Monroe
Effort,Monroe
Gilbert,Monroe
Henryville,Monroe
Kresgeville,Monroe
Kunkletown,Monroe
Long Pond,Monroe
Marshalls Creek,Monroe
Minisink Hills,Monroe
Mount Pocono,Monroe
Mountainhome,Monroe
Pocono Lake,Monroe
Pocono Lake Preserve,Monroe
Pocono Manor,Monroe
Pocono Pines,Monroe
Pocono Summit,Monroe
Reeders,Monroe
Saylorsburg,Monroe
Sciota,Monroe
Scotrun,Monroe
Shawnee On Delaware,Monroe
Skytop,Monroe
Stroudsburg,Monroe
Swiftwater,Monroe
Tannersville,Monroe
Tobyhanna,Monroe
Abington,Montgomery
Ambler,Montgomery
Ardmore,Montgomery
Audubon,Montgomery
Bala Cynwyd,Montgomery
Blue Bell,Montgomery
Bridgeport,Montgomery
Bryn Athyn,Montgomery
Cedars,Montgomery
Cheltenham,Montgomery
Collegeville,Montgomery
Colmar,Montgomery
Conshohocken,Montgomery
Creamery,Montgomery
Dresher,Montgomery
Eagleville,Montgomery
Earlington,Montgomery
East Greenville,Montgomery
Elkins Park,Montgomery
Fairview Village,Montgomery
Flourtown,Montgomery
Frederick,Montgomery
Gilbertsville,Montgomery
Gladwyne,Montgomery
Glenside,Montgomery
Green Lane,Montgomery
Gwynedd,Montgomery
Gwynedd Valley,Montgomery
Harleysville,Montgomery
Hatboro,Montgomery
Hatfield,Montgomery
Haverford,Montgomery
Horsham,Montgomery
Huntingdon Valley,Montgomery
Jenkintown,Montgomery
King Of Prussia,Montgomery
Kulpsville,Montgomery
Lafayette Hill,Montgomery
Lansdale,Montgomery
Lederach,Montgomery
Mainland,Montgomery
Merion Station,Montgomery
Mont Clare,Montgomery
Montgomeryville,Montgomery
Narberth,Montgomery
Norristown,Montgomery
North Wales,Montgomery
Oaks,Montgomery
Oreland,Montgomery
Palm,Montgomery
Pennsburg,Montgomery
Perkiomenville,Montgomery
Plymouth Meeting,Montgomery
Red Hill,Montgomery
Royersford,Montgomery
Salford,Montgomery
Salfordville,Montgomery
Sassamansville,Montgomery
Schwenksville,Montgomery
Skippack,Montgomery
Souderton,Montgomery
Spring House,Montgomery
Spring Mount,Montgomery
Sumneytown,Montgomery
Telford,Montgomery
Tylersport,Montgomery
West Point,Montgomery
Willow Grove,Montgomery
Worcester,Montgomery
Woxall,Montgomery
Wyncote,Montgomery
Wynnewood,Montgomery
Zieglerville,Montgomery
Trooper,Montgomery
Roslyn,Montgomery
Danville,Montour
Washingtonville,Montour
Bangor,Northampton
Bath,Northampton
Cherryville,Northampton
Danielsville,Northampton
Easton,Northampton
Hellertown,Northampton
Lehigh Valley,Northampton
Martins Creek,Northampton
Mount Bethel,Northampton
Nazareth,Northampton
Northampton,Northampton
Pen Argyl,Northampton
Pennsville,Northampton
Portland,Northampton
Roseto,Northampton
Stockertown,Northampton
Tatamy,Northampton
Treichlers,Northampton
Walnutport,Northampton
Wind Gap,Northampton
Coal Township,Northumberland
Dalmatia,Northumberland
Dewart,Northumberland
Dornsife,Northumberland
Elysburg,Northumberland
Herndon,Northumberland
Kulpmont,Northumberland
Leck Kill,Northumberland
Locust Gap,Northumberland
Marion Heights,Northumberland
Mc Ewensville,Northumberland
Milton,Northumberland
Montandon,Northumberland
Mount Carmel,Northumberland
Northumberland,Northumberland
Paxinos,Northumberland
Potts Grove,Northumberland
Rebuck,Northumberland
Riverside,Northumberland
Shamokin,Northumberland
Snydertown,Northumberland
Sunbury,Northumberland
Trevorton,Northumberland
Turbotville,Northumberland
Watsontown,Northumberland
NULL,NULL
Blain,Perry
Duncannon,Perry
Elliottsburg,Perry
Ickesburg,Perry
Landisburg,Perry
Liverpool,Perry
Loysville,Perry
Marysville,Perry
Millerstown,Perry
New Bloomfield,Perry
New Buffalo,Perry
New Germantown,Perry
Newport,Perry
Shermans Dale,Perry
Philadelphia,Philadelphia
Bushkill,Pike
Dingmans Ferry,Pike
Greeley,Pike
Greentown,Pike
Hawley,Pike
Lackawaxen,Pike
Matamoras,Pike
Milford,Pike
Millrift,Pike
Paupack,Pike
Rowland,Pike
Shohola,Pike
Tafton,Pike
Tamiment,Pike
Austin,Potter
Coudersport,Potter
Cross Fork,Potter
Galeton,Potter
Genesee,Potter
Harrison Valley,Potter
Mills,Potter
Roulette,Potter
Shinglehouse,Potter
Ulysses,Potter
Andreas,Schuylkill
Ashland,Schuylkill
Auburn,Schuylkill
Barnesville,Schuylkill
Branchdale,Schuylkill
Brockton,Schuylkill
Coaldale,Schuylkill
Cressona,Schuylkill
Cumbola,Schuylkill
Delano,Schuylkill
Frackville,Schuylkill
Friedensburg,Schuylkill
Gilberton,Schuylkill
Girardville,Schuylkill
Gordon,Schuylkill
Hegins,Schuylkill
Kelayres,Schuylkill
Klingerstown,Schuylkill
Lavelle,Schuylkill
Llewellyn,Schuylkill
Locustdale,Schuylkill
Lost Creek,Schuylkill
Mahanoy City,Schuylkill
Mahanoy Plane,Schuylkill
Mar Lin,Schuylkill
Mary D,Schuylkill
Mcadoo,Schuylkill
Middleport,Schuylkill
Minersville,Schuylkill
Muir,Schuylkill
New Philadelphia,Schuylkill
New Ringgold,Schuylkill
Nuremberg,Schuylkill
Oneida,Schuylkill
Orwigsburg,Schuylkill
Pine Grove,Schuylkill
Pitman,Schuylkill
Port Carbon,Schuylkill
Port Clinton,Schuylkill
Pottsville,Schuylkill
Quakake,Schuylkill
Ravine,Schuylkill
Ringtown,Schuylkill
Sacramento,Schuylkill
Saint Clair,Schuylkill
Schuylkill Haven,Schuylkill
Seltzer,Schuylkill
Shenandoah,Schuylkill
Sheppton,Schuylkill
Summit Station,Schuylkill
Tamaqua,Schuylkill
Tower City,Schuylkill
Tremont,Schuylkill
Tuscarora,Schuylkill
Valley View,Schuylkill
Zion Grove,Schuylkill
Beaver Springs,Snyder
Beavertown,Snyder
Freeburg,Snyder
Hummels Wharf,Snyder
Kreamer,Snyder
Mc Clure,Snyder
Middleburg,Snyder
Mount Pleasant Mills,Snyder
Paxtonville,Snyder
Penns Creek,Snyder
Port Trevorton,Snyder
Selinsgrove,Snyder
Shamokin Dam,Snyder
Troxelville,Snyder
Acosta,Somerset
Addison,Somerset
Berlin,Somerset
Boswell,Somerset
Boynton,Somerset
Cairnbrook,Somerset
Central City,Somerset
Confluence,Somerset
Davidsville,Somerset
Fairhope,Somerset
Fort Hill,Somerset
Friedens,Somerset
Garrett,Somerset
Gray,Somerset
Hidden Valley,Somerset
Hollsopple,Somerset
Hooversville,Somerset
Jenners,Somerset
Jennerstown,Somerset
Jerome,Somerset
Kantner,Somerset
Listie,Somerset
Markleton,Somerset
Meyersdale,Somerset
New Baltimore,Somerset
Quecreek,Somerset
Rockwood,Somerset
Salisbury,Somerset
Seanor,Somerset
Shanksville,Somerset
Sipesville,Somerset
Somerset,Somerset
Springs,Somerset
Stoystown,Somerset
Tire Hill,Somerset
Ursina,Somerset
Wellersburg,Somerset
West Salisbury,Somerset
Windber,Somerset
Dushore,Sullivan
Eagles Mere,Sullivan
Forksville,Sullivan
Hillsgrove,Sullivan
Laporte,Sullivan
Lopez,Sullivan
Mildred,Sullivan
Muncy Valley,Sullivan
Shunk,Sullivan
Brackney,Susquehanna
Brooklyn,Susquehanna
Clifford,Susquehanna
Dimock,Susquehanna
Forest City,Susquehanna
Friendsville,Susquehanna
Gibson,Susquehanna
Great Bend,Susquehanna
Hallstead,Susquehanna
Harford,Susquehanna
Herrick Center,Susquehanna
Hop Bottom,Susquehanna
Jackson,Susquehanna
Kingsley,Susquehanna
Lanesboro,Susquehanna
Lawton,Susquehanna
Lenoxville,Susquehanna
Little Meadows,Susquehanna
Meshoppen,Susquehanna
Montrose,Susquehanna
New Milford,Susquehanna
South Gibson,Susquehanna
South Montrose,Susquehanna
Springville,Susquehanna
Susquehanna,Susquehanna
Thompson,Susquehanna
Union Dale,Susquehanna
Arnot,Tioga
Blossburg,Tioga
Covington,Tioga
Elkland,Tioga
Gaines,Tioga
Knoxville,Tioga
Lawrenceville,Tioga
Liberty,Tioga
Mainesburg,Tioga
Mansfield,Tioga
Middlebury Center,Tioga
Millerton,Tioga
Morris,Tioga
Morris Run,Tioga
Nelson,Tioga
Osceola,Tioga
Roaring Branch,Tioga
Sabinsville,Tioga
Tioga,Tioga
Wellsboro,Tioga
Westfield,Tioga
Hartleton,Union
Laurelton,Union
Lewisburg,Union
Mifflinburg,Union
Millmont,Union
New Berlin,Union
New Columbia,Union
Swengel,Union
Weikert,Union
West Milton,Union
White Deer,Union
Winfield,Union
Clintonville,Venango
Cooperstown,Venango
Cranberry,Venango
Emlenton,Venango
Franklin,Venango
Kennerdell,Venango
Oil City,Venango
Pleasantville,Venango
Polk,Venango
Reno,Venango
Rouseville,Venango
Seneca,Venango
Utica,Venango
Venus,Venango
Bear Lake,Warren
Chandlers Valley,Warren
Clarendon,Warren
Columbus,Warren
Garland,Warren
Grand Valley,Warren
Irvine,Warren
Pittsfield,Warren
Russell,Warren
Sheffield,Warren
Spring Creek,Warren
Sugar Grove,Warren
Tidioute,Warren
Tiona,Warren
Warren,Warren
Youngsville,Warren
Allenport,Washington
Amity,Washington
Atlasburg,Washington
Avella,Washington
Beallsville,Washington
Bentleyville,Washington
Bulger,Washington
Burgettstown,Washington
California,Washington
Canonsburg,Washington
Cecil,Washington
Charleroi,Washington
Claysville,Washington
Coal Center,Washington
Cokeburg,Washington
Daisytown,Washington
Denbo,Washington
Donora,Washington
Dunlevy,Washington
Eighty Four,Washington
Elco,Washington
Ellsworth,Washington
Elrama,Washington
Finleyville,Washington
Fredericktown,Washington
Gastonville,Washington
Hendersonville,Washington
Hickory,Washington
Houston,Washington
Joffre,Washington
Langeloth,Washington
Lawrence,Washington
Marianna,Washington
Mc Donald,Washington
Meadow Lands,Washington
Midway,Washington
Millsboro,Washington
Monongahela,Washington
Muse,Washington
New Eagle,Washington
Prosperity,Washington
Richeyville,Washington
Roscoe,Washington
Saint George,Washington
Scenery Hill,Washington
Slovan,Washington
Southview,Washington
Stockdale,Washington
Strabane,Washington
Taylorstown,Washington
Van Voorhis,Washington
Venetia,Washington
Vestaburg,Washington
Washington,Washington
West Alexander,Washington
West Finley,Washington
West Middletown,Washington
Westland,Washington
Beach Lake,Wayne
Damascus,Wayne
Equinunk,Wayne
Hamlin,Wayne
Honesdale,Wayne
Lake Ariel,Wayne
Lake Como,Wayne
Lakeville,Wayne
Lakewood,Wayne
Milanville,Wayne
Newfoundland,Wayne
Orson,Wayne
Pleasant Mount,Wayne
Poyntelle,Wayne
Preston Park,Wayne
Prompton,Wayne
South Canaan,Wayne
South Sterling,Wayne
Starlight,Wayne
Starrucca,Wayne
Sterling,Wayne
Tyler Hill,Wayne
Waymart,Wayne
White Mills,Wayne
Acme,Westmoreland
Adamsburg,Westmoreland
Alverton,Westmoreland
Apollo,Westmoreland
Ardara,Westmoreland
Armbrust,Westmoreland
Arona,Westmoreland
Avonmore,Westmoreland
Bolivar,Westmoreland
Bovard,Westmoreland
Bradenville,Westmoreland
Calumet,Westmoreland
Champion,Westmoreland
Claridge,Westmoreland
Crabtree,Westmoreland
Darragh,Westmoreland
Delmont,Westmoreland
Derry,Westmoreland
Donegal,Westmoreland
East Vandergrift,Westmoreland
Export,Westmoreland
Forbes Road,Westmoreland
Grapeville,Westmoreland
Greensburg,Westmoreland
Hannastown,Westmoreland
Harrison City,Westmoreland
Herminie,Westmoreland
Hostetter,Westmoreland
Hunker,Westmoreland
Hutchinson,Westmoreland
Hyde Park,Westmoreland
Irwin,Westmoreland
Jacobs Creek,Westmoreland
Jeannette,Westmoreland
Jones Mills,Westmoreland
Larimer,Westmoreland
Latrobe,Westmoreland
Laughlintown,Westmoreland
Ligonier,Westmoreland
Lowber,Westmoreland
Loyalhanna,Westmoreland
Luxor,Westmoreland
Madison,Westmoreland
Mammoth,Westmoreland
Manor,Westmoreland
Monessen,Westmoreland
Mount Pleasant,Westmoreland
Murrysville,Westmoreland
New Alexandria,Westmoreland
New Derry,Westmoreland
New Florence,Westmoreland
New Kensington,Westmoreland
New Stanton,Westmoreland
Norvelt,Westmoreland
Penn,Westmoreland
Pleasant Unity,Westmoreland
Pricedale,Westmoreland
Rector,Westmoreland
Rillton,Westmoreland
Ruffs Dale,Westmoreland
Salina,Westmoreland
Scottdale,Westmoreland
Seward,Westmoreland
Slickville,Westmoreland
Smithton,Westmoreland
Southwest,Westmoreland
Stahlstown,Westmoreland
Sutersville,Westmoreland
Tarrs,Westmoreland
Torrance,Westmoreland
Trafford,Westmoreland
United,Westmoreland
Vandergrift,Westmoreland
Webster,Westmoreland
Wendel,Westmoreland
West Newton,Westmoreland
Westmoreland City,Westmoreland
Whitney,Westmoreland
Wyano,Westmoreland
Youngstown,Westmoreland
Youngwood,Westmoreland
Yukon,Westmoreland
North Huntingdon,Westmoreland
Lower Burrell,Westmoreland
Arnold,Westmoreland
Factoryville,Wyoming
Falls,Wyoming
Laceyville,Wyoming
Lake Winola,Wyoming
Mehoopany,Wyoming
Nicholson,Wyoming
Noxen,Wyoming
Tunkhannock,Wyoming
Airville,York
Brogue,York
Codorus,York
Craley,York
Dallastown,York
Delta,York
Dillsburg,York
Dover,York
East Prospect,York
Emigsville,York
Etters,York
Fawn Grove,York
Felton,York
Franklintown,York
Glen Rock,York
Glenville,York
Hanover,York
Lewisberry,York
Loganville,York
Manchester,York
Mount Wolf,York
New Cumberland,York
New Freedom,York
New Park,York
Railroad,York
Red Lion,York
Rossville,York
Seven Valleys,York
Shrewsbury,York
Spring Grove,York
Stewartstown,York
Thomasville,York
Wellsville,York
Whitesville,York
Windsor,York
Wrightsville,York
York,York
York Haven,York
York New Salem,York